{"eval/runtime":0.1275,"train/logps/chosen":-154.3608856201172,"train/rewards/chosen":-0.002254373161122203,"train_samples_per_second":2.101,"train/logps/rejected":-40.156044006347656,"train_loss":0.6421916749742296,"train/loss":0.7054,"eval/loss":3.137866258621216,"train/grad_norm":92.74075317382812,"train/logits/rejected":-0.4851698875427246,"eval/steps_per_second":7.845,"train/epoch":0.972972972972973,"_runtime":57,"_step":4,"train/logits/chosen":-1.6434223651885986,"total_flos":0,"_timestamp":1.7791232006352077e+09,"train/global_step":18,"train/rewards/accuracies":0.44999998807907104,"train_runtime":17.6141,"train/learning_rate":2.5e-06,"_wandb":{"runtime":57},"train/rewards/rejected":0.013361578807234764,"eval/samples_per_second":31.381,"train/rewards/margins":-0.015615949407219887,"train_steps_per_second":1.022}