{"train/grad_norm":4.7529802322387695,"train/learning_rate":5.000000000000001e-07,"eval/steps_per_second":5.26,"eval/runtime":0.3802,"total_flos":2.658474980736e+13,"_runtime":74,"eval/samples_per_second":26.3,"_wandb":{"runtime":74},"_timestamp":1.7787537963411324e+09,"train/global_step":11,"train_runtime":62.1649,"train_steps_per_second":0.177,"train/epoch":0.9777777777777777,"train/loss":2.9188,"_step":12,"train_samples_per_second":1.448,"train_loss":2.917047695680098,"eval/loss":2.710145950317383}