{"eval/samples_per_second":488.929,"train/epoch":1,"train_samples_per_second":16.343,"total_flos":7.9555392e+10,"_timestamp":1.7790459419996324e+09,"train/grad_norm":0.13724935054779053,"train/loss":10.3839,"train/learning_rate":0,"_step":90,"train/global_step":450,"train_runtime":55.07,"_runtime":47,"train_loss":10.385270707872179,"eval/steps_per_second":63.561,"eval/runtime":0.2045,"eval/loss":10.383949279785156,"train_steps_per_second":8.171,"_wandb":{"runtime":47}}