{"train_steps_per_second":0.261,"_wandb":{"runtime":52},"train_loss":2.9166082468899814,"train/grad_norm":4.704963684082031,"train/global_step":11,"eval/loss":2.7068276405334473,"train/loss":2.9187,"eval/steps_per_second":4.416,"_runtime":52,"train_samples_per_second":2.138,"_timestamp":1.7787520949330218e+09,"_step":12,"total_flos":2.658474980736e+13,"train_runtime":42.0999,"eval/samples_per_second":22.078,"train/epoch":0.9777777777777777,"eval/runtime":0.4529,"train/learning_rate":5.000000000000001e-07}