{"_step":0,"train/epoch":0.08928571428571429,"train/global_step":10,"_wandb":{"runtime":58},"train/grad_norm":4.996607780456543,"train/loss":2.9424,"_runtime":58,"_timestamp":1.7787552612874143e+09,"train/learning_rate":4.722222222222222e-06}