{"train_loss":2.595457877431597,"train/grad_norm":3.1692752838134766,"train_samples_per_second":2.72,"eval/steps_per_second":2.022,"train_steps_per_second":0.68,"train_runtime":329.404,"eval/runtime":6.4282,"train/learning_rate":9.216589861751152e-08,"eval/samples_per_second":15.557,"train/epoch":1,"train/loss":2.4548,"_wandb":{"runtime":340},"eval/loss":2.42380690574646,"_timestamp":1.7787557259326267e+09,"_step":44,"_runtime":340,"total_flos":3.872753174784e+14,"train/global_step":224}