{"train/loss":2.9181,"train/learning_rate":5.000000000000001e-07,"train_loss":2.9159522490067915,"_timestamp":1.7787535525618124e+09,"eval/steps_per_second":3.521,"train_steps_per_second":0.282,"train/global_step":11,"train_runtime":39.0746,"eval/loss":2.7090022563934326,"eval/samples_per_second":17.607,"_step":12,"total_flos":2.658474980736e+13,"eval/runtime":0.5679,"train/grad_norm":4.636102676391602,"_wandb":{"runtime":49},"train_samples_per_second":2.303,"train/epoch":0.9777777777777777,"_runtime":49}