{"eval/runtime":6.1617,"eval/samples_per_second":16.229,"train/global_step":448,"train_runtime":608.1869,"_step":88,"_timestamp":1.7787569816225276e+09,"_wandb":{"runtime":619},"train_samples_per_second":1.473,"eval/loss":2.432058811187744,"_runtime":619,"train/grad_norm":2.443669557571411,"train/loss":2.3976,"train_loss":2.6701579306806837,"train_steps_per_second":0.737,"train/learning_rate":9.216589861751152e-08,"train/epoch":1,"total_flos":2.68327462491648e+14,"eval/steps_per_second":2.11}