{"train/epoch":0.8648648648648649,"train/global_step":4,"_step":0,"_timestamp":1.7787521323723886e+09,"train_samples_per_second":1.918,"_wandb":{"runtime":34},"_runtime":34,"train_steps_per_second":0.207,"train_loss":0.685565710067749,"train_runtime":19.2873,"total_flos":0}