{"train_samples_per_second":1.923,"train/global_step":4,"_timestamp":1.7787535881643226e+09,"_step":0,"train_steps_per_second":0.208,"train_runtime":19.2429,"train_loss":0.7086717486381531,"_wandb":{"runtime":32},"train/epoch":0.8648648648648649,"total_flos":0,"_runtime":32}