{"train_steps_per_second":0.795,"train/logps/rejected":-101.36651611328125,"train/rewards/rejected":-0.012394179590046406,"train/loss":0.7085,"train/grad_norm":18.192028045654297,"train/rewards/accuracies":0.44999998807907104,"train/global_step":194,"_wandb":{"runtime":251},"train_samples_per_second":1.591,"train/rewards/chosen":-0.037304531782865524,"train_loss":0.6976286603003433,"train/logps/chosen":-116.95584869384766,"_step":19,"train/learning_rate":6.516921205125537e-09,"train_runtime":243.9032,"train/epoch":1,"train/logits/chosen":-1.0710424184799194,"total_flos":0,"_runtime":251,"train/logits/rejected":-1.0475881099700928,"train/rewards/margins":-0.024910354986786842,"_timestamp":1.7787584841175938e+09}