{"eval/loss":3.135622501373291,"_timestamp":1.7791240096569817e+09,"train/loss":0.7444,"_step":4,"train/rewards/chosen":-0.06375424563884735,"eval/runtime":0.1598,"train/logits/chosen":-1.643265962600708,"train/learning_rate":2.5e-06,"eval/steps_per_second":6.256,"total_flos":0,"train_runtime":38.95,"train/logps/chosen":-154.40921020507812,"train_loss":0.6719871097140842,"train/rewards/accuracies":0.25,"_runtime":80,"_wandb":{"runtime":80},"train/grad_norm":94.17373657226562,"train/global_step":18,"train_steps_per_second":0.462,"train_samples_per_second":0.95,"eval/samples_per_second":25.024,"train/logps/rejected":-40.12394332885742,"train/rewards/rejected":0.020938795059919357,"train/logits/rejected":-0.49326276779174805,"train/epoch":0.972972972972973,"train/rewards/margins":-0.08469303697347641}