{"train/loss":3.1538,"train/epoch":0.022321428571428572,"train/grad_norm":2.9789791107177734,"train/learning_rate":3.5714285714285718e-06,"train/global_step":10,"_runtime":37,"_timestamp":1.7787560893269446e+09,"_step":0,"_wandb":{"runtime":37}}