{"train/logits/rejected":-0.4900497496128082,"train/grad_norm":100.14138793945312,"train/rewards/accuracies":0.44999998807907104,"_step":4,"train_runtime":19.8263,"train/epoch":0.972972972972973,"train/rewards/chosen":-0.028226280584931374,"train/rewards/rejected":0.02246229350566864,"eval/samples_per_second":17.147,"eval/loss":3.130816698074341,"train_steps_per_second":0.908,"total_flos":0,"train/global_step":18,"train_samples_per_second":1.866,"train/logits/chosen":-1.6439578533172607,"train/logps/chosen":-154.32568359375,"_wandb":{"runtime":60},"_timestamp":1.7791230991522708e+09,"train/loss":0.7254,"eval/steps_per_second":4.287,"train/rewards/margins":-0.050688572227954865,"train/logps/rejected":-40.13523483276367,"_runtime":60,"train_loss":0.6605969799889458,"train/learning_rate":2.5e-06,"eval/runtime":0.2333}