{"train/global_step":11,"eval/steps_per_second":0.796,"sft/dataset/train_examples":90,"eval/loss":8.61031436920166,"eval/samples_per_second":3.978,"sft/dataset/eval_examples":10,"train/grad_norm":123.91093444824219,"_timestamp":1.7787513329417582e+09,"train_loss":8.971232934431596,"train_samples_per_second":1.412,"train/epoch":0.9777777777777777,"train/learning_rate":5.000000000000001e-07,"_step":13,"_runtime":76,"total_flos":7.57081222272e+13,"eval/runtime":2.5138,"train_runtime":63.7229,"_wandb":{"runtime":76},"train/loss":9.0038,"train_steps_per_second":0.173}