{"_runtime":587,"sft/dataset/train_examples":896,"train/learning_rate":4.722222222222222e-06,"train/epoch":0.125,"eval/runtime":36.8438,"eval/samples_per_second":2.714,"train/grad_norm":4.894618511199951,"train/global_step":14,"sft/dataset/eval_examples":100,"_wandb":{"runtime":587},"train/loss":2.9423,"_timestamp":1.7787511577321064e+09,"eval/steps_per_second":0.353,"_step":15,"eval/loss":2.677999973297119}