{"train/global_step":18,"train_steps_per_second":1.888,"_step":4,"train/learning_rate":2.5e-06,"total_flos":0,"train/rewards/accuracies":0.550000011920929,"eval/loss":2.9498789310455322,"train/rewards/rejected":0.04039186239242554,"train/logps/rejected":-40.09384536743164,"train/rewards/chosen":0.037435680627822876,"train_samples_per_second":3.881,"eval/runtime":0.1706,"eval/samples_per_second":23.443,"train/rewards/margins":-0.0029561787378042936,"train/grad_norm":83.48619842529297,"train/epoch":0.972972972972973,"_timestamp":1.779126693252626e+09,"train/logits/chosen":-1.6469274759292603,"_runtime":33,"train/loss":0.7013,"train_runtime":9.5329,"train/logits/rejected":-0.4893259108066559,"train/logps/chosen":-154.4081573486328,"eval/steps_per_second":5.861,"_wandb":{"runtime":33},"train_loss":0.656820191277398}