{"_step":19,"total_flos":0,"train/rewards/margins":0.0073831528425216675,"train/loss":0.6936,"train/global_step":194,"_wandb":{"runtime":261},"train/rewards/rejected":-0.06451143324375153,"train/epoch":1,"train/logps/rejected":-101.53641510009766,"train/learning_rate":6.516921205125537e-09,"train_loss":0.6932393078951492,"train/rewards/accuracies":0.3499999940395355,"train_runtime":250.3301,"_timestamp":1.778757246632576e+09,"train/grad_norm":19.023300170898438,"_runtime":261,"train/rewards/chosen":-0.05712828040122986,"train/logps/chosen":-116.9813461303711,"train_samples_per_second":1.55,"train/logits/chosen":-1.0747255086898804,"train_steps_per_second":0.775,"train/logits/rejected":-1.0505876541137695}