{"eval/runtime":6.0217,"train/global_step":448,"train/grad_norm":2.4655280113220215,"eval/samples_per_second":16.607,"train/loss":2.3923,"eval/steps_per_second":2.159,"_runtime":684,"_timestamp":1.778758229554176e+09,"train_loss":2.6623626138482774,"train_runtime":683.405,"_wandb":{"runtime":684},"train/epoch":1,"_step":88,"eval/loss":2.4287779331207275,"train_samples_per_second":1.311,"train_steps_per_second":0.656,"train/learning_rate":9.216589861751152e-08,"total_flos":2.68327462491648e+14}